height,length,speed,strip,target_deltatime,deltatime_with_pitch,deltatime_without_pitch,error_with_pitch,error_without_pitch,horizontal_resolution,vertical_resolution
200,217,150,0,3211475,2380052,1205608,-41,-197,119.0,30.0
200,217,150,1,3211475,2352780,1206312,-43,-197,119.0,30.0
200,217,150,2,3211475,2353408,1204020,-43,-198,119.0,30.0
200,217,150,3,3211475,2358636,1199388,-43,-199,119.0,30.0
200,217,180,0,2667733,2361716,1197320,-15,-146,119.0,30.0
200,217,180,1,2667733,2366768,1197388,-15,-146,119.0,30.0
200,217,180,2,2667733,2361208,1198976,-15,-145,119.0,30.0
200,217,180,3,2667733,2352916,1204036,-15,-144,119.0,30.0
200,217,210,0,2291825,2360528,1197316,3,-108,119.0,30.0
200,217,210,1,2291825,2352976,1197364,3,-108,119.0,30.0
200,217,210,2,2291825,2364976,1236664,3,-101,119.0,30.0
200,217,210,3,2291825,2366932,1197716,3,-108,119.0,30.0
200,217,240,0,2000800,2360828,1160400,18,-86,119.0,30.0
200,217,240,1,2000800,2359508,1197308,18,-79,119.0,30.0
200,217,240,2,2000800,2365028,1198392,18,-79,119.0,30.0
200,217,240,3,2000800,2361456,1197404,18,-79,119.0,30.0
200,217,270,0,1781631,2365476,1204076,29,-57,119.0,30.0
200,217,270,1,1781631,2366100,1206336,29,-56,119.0,30.0
200,217,270,2,1781631,2365976,1197296,29,-58,119.0,30.0
200,217,270,3,1781631,2353140,1203992,28,-57,119.0,30.0
200,217,300,0,1600640,2360848,1204388,38,-39,119.0,30.0
200,217,300,1,1600640,2358196,1197304,38,-40,119.0,30.0
200,217,300,2,1600640,2366048,1197680,38,-40,119.0,30.0
200,217,300,3,1600640,2359948,1197320,38,-40,119.0,30.0
200,217,330,0,1457230,2365496,1203104,45,-25,119.0,30.0
200,217,330,1,1457230,2361692,1204728,45,-24,119.0,30.0
200,217,330,2,1457230,2366124,1197296,45,-25,119.0,30.0
200,217,330,3,1457230,2366676,1197684,45,-25,119.0,30.0
200,322,150,0,2022040,2364548,1206372,27,-127,189.0,45.0
200,322,150,1,2022040,2363876,1208540,27,-127,189.0,45.0
200,322,150,2,2022040,2366424,1200932,27,-129,189.0,45.0
200,322,150,3,2022040,2370560,1207664,27,-127,189.0,45.0
200,322,180,0,1679684,2371228,1201000,55,-75,189.0,45.0
200,322,180,1,1679684,2366704,1201388,54,-75,189.0,45.0
200,322,180,2,1679684,2365804,1208320,54,-73,189.0,45.0
200,322,180,3,1679684,2360092,1208260,54,-73,189.0,45.0
200,322,210,0,1443001,2358236,1201000,73,-38,189.0,45.0
200,322,210,1,1443001,2367272,1202300,73,-37,189.0,45.0
200,322,210,2,1443001,2364568,1200964,73,-38,189.0,45.0
200,322,210,3,1443001,2365312,1208696,73,-36,189.0,45.0
200,322,240,0,1259763,2364924,1206368,88,-8,189.0,45.0
200,322,240,1,1259763,2368296,1208232,88,-8,189.0,45.0
200,322,240,2,1259763,2364480,1208312,88,-8,189.0,45.0
200,322,240,3,1259763,2363132,1208312,88,-8,189.0,45.0
200,322,270,0,1121767,2364744,1209120,99,13,189.0,45.0
200,322,270,1,1121767,2371268,1207700,99,13,189.0,45.0
200,322,270,2,1121767,2364692,1201244,99,12,189.0,45.0
200,322,270,3,1121767,2364372,1201708,99,12,189.0,45.0
200,322,300,0,1007810,2364340,1201364,108,30,189.0,45.0
200,322,300,1,1007810,2363488,1201012,108,30,189.0,45.0
200,322,300,2,1007810,2357080,1201072,108,30,189.0,45.0
200,322,300,3,1007810,2363344,1209068,108,31,189.0,45.0
200,322,330,0,917515,2366844,1200896,115,44,189.0,45.0
200,322,330,1,917515,2364452,1202600,115,44,189.0,45.0
200,322,330,2,917515,2363684,1204980,115,45,189.0,45.0
200,322,330,3,917515,2364356,1201476,115,44,189.0,45.0
200,434,150,0,1547229,2368588,1212792,85,-68,247.0,61.0
200,434,150,1,1547229,2362636,1211724,85,-68,247.0,61.0
200,434,150,2,1547229,2365440,1204872,85,-70,247.0,61.0
200,434,150,3,1547229,2367672,1206624,85,-69,247.0,61.0
200,434,180,0,1285264,2367540,1212248,112,-14,247.0,61.0
200,434,180,1,1285264,2379972,1211612,113,-15,247.0,61.0
200,434,180,2,1285264,2367524,1204964,112,-16,247.0,61.0
200,434,180,3,1285264,2368832,1211204,112,-15,247.0,61.0
200,434,210,0,1104158,2360372,1211988,131,21,247.0,61.0
200,434,210,1,1104158,2360420,1212284,131,22,247.0,61.0
200,434,210,2,1104158,2368308,1204880,131,20,247.0,61.0
200,434,210,3,1104158,2367056,1211552,131,21,247.0,61.0
200,434,240,0,963948,2367660,1204940,146,49,247.0,61.0
200,434,240,1,963948,2373908,1211924,146,50,247.0,61.0
200,434,240,2,963948,2362544,1220880,146,51,247.0,61.0
200,434,240,3,963948,2367068,1204880,146,49,247.0,61.0
200,434,270,0,858356,2360480,1205328,157,71,247.0,61.0
200,434,270,1,858356,2360528,1212828,157,72,247.0,61.0
200,434,270,2,858356,2364876,1211840,157,72,247.0,61.0
200,434,270,3,858356,2367944,1212068,157,72,247.0,61.0
200,434,300,0,771158,2362720,1204888,166,88,247.0,61.0
200,434,300,1,771158,2363272,1211752,166,89,247.0,61.0
200,434,300,2,771158,2363008,1211944,166,89,247.0,61.0
200,434,300,3,771158,2367812,1212412,166,89,247.0,61.0
200,434,330,0,702066,2367528,1220568,173,104,247.0,61.0
200,434,330,1,702066,2368144,1206032,173,103,247.0,61.0
200,434,330,2,702066,2360408,1212132,173,103,247.0,61.0
200,434,330,3,702066,2360420,1205328,173,103,247.0,61.0
200,539,150,0,1282434,2370860,1211624,136,-17,298.0,76.0
200,539,150,1,1282434,2372924,1209372,136,-18,298.0,76.0
200,539,150,2,1282434,2370896,1208576,136,-18,298.0,76.0
200,539,150,3,1282434,2371568,1216308,136,-16,298.0,76.0
200,539,180,0,1065303,2375272,1213268,164,36,298.0,76.0
200,539,180,1,1065303,2371844,1214576,164,36,298.0,76.0
200,539,180,2,1065303,2370844,1215724,164,36,298.0,76.0
200,539,180,3,1065303,2371196,1214696,164,36,298.0,76.0
200,539,210,0,915192,2370904,1214584,182,73,298.0,76.0
200,539,210,1,915192,2369632,1216208,182,73,298.0,76.0
200,539,210,2,915192,2370904,1208524,182,72,298.0,76.0
200,539,210,3,915192,2378428,1216048,183,73,298.0,76.0
200,539,240,0,798977,2372216,1208540,197,100,298.0,76.0
200,539,240,1,798977,2366996,1215924,197,102,298.0,76.0
200,539,240,2,798977,2378264,1220616,197,102,298.0,76.0
200,539,240,3,798977,2379600,1216220,197,102,298.0,76.0
200,539,270,0,711456,2386712,1214480,209,123,298.0,76.0
200,539,270,1,711456,2366076,1208576,208,122,298.0,76.0
200,539,270,2,711456,2370884,1219944,208,124,298.0,76.0
200,539,270,3,711456,2372100,1214928,208,123,298.0,76.0
200,539,300,0,639181,2378500,1215340,217,141,298.0,76.0
200,539,300,1,639181,2373508,1215344,217,141,298.0,76.0
200,539,300,2,639181,2386672,1219880,218,141,298.0,76.0
200,539,300,3,639181,2373532,1215088,217,141,298.0,76.0
200,539,330,0,581914,2371808,1223760,224,156,298.0,76.0
200,539,330,1,581914,2368824,1215248,224,155,298.0,76.0
200,539,330,2,581914,2386688,1208576,225,154,298.0,76.0
200,539,330,3,581914,2367044,1215236,224,155,298.0,76.0
200,651,150,0,1088790,2410800,1219128,192,37,351.0,92.0
200,651,150,1,1088790,2389852,1213228,191,36,351.0,92.0
200,651,150,2,1088790,2382588,1212516,190,35,351.0,92.0
200,651,150,3,1088790,2376052,1215444,190,36,351.0,92.0
200,651,180,0,904445,2404540,1213952,218,89,351.0,92.0
200,651,180,1,904445,2374712,1212908,217,89,351.0,92.0
200,651,180,2,904445,2375336,1219244,217,90,351.0,92.0
200,651,180,3,904445,2371076,1212452,217,89,351.0,92.0
200,651,210,0,777000,2375792,1212496,236,126,351.0,92.0
200,651,210,1,777000,2382904,1222060,236,127,351.0,92.0
200,651,210,2,777000,2374804,1219912,236,127,351.0,92.0
200,651,210,3,777000,2375308,1214648,236,126,351.0,92.0
200,651,240,0,678334,2421756,1212852,252,154,351.0,92.0
200,651,240,1,678334,2386584,1212972,251,154,351.0,92.0
200,651,240,2,678334,2383380,1212984,251,154,351.0,92.0
200,651,240,3,678334,2375996,1212692,250,154,351.0,92.0
200,651,270,0,604028,2413208,1213548,263,176,351.0,92.0
200,651,270,1,604028,2375336,1219340,261,177,351.0,92.0
200,651,270,2,604028,2375720,1212464,261,176,351.0,92.0
200,651,270,3,604028,2367920,1219292,261,177,351.0,92.0
200,651,300,0,542667,2422960,1219852,272,194,351.0,92.0
200,651,300,1,542667,2382788,1212556,271,193,351.0,92.0
200,651,300,2,542667,2383124,1221140,271,195,351.0,92.0
200,651,300,3,542667,2383076,1225892,271,195,351.0,92.0
200,651,330,0,494046,2368416,1225464,277,209,351.0,92.0
200,651,330,1,494046,2368052,1212476,277,207,351.0,92.0
200,651,330,2,494046,2375196,1219584,277,208,351.0,92.0
200,651,330,3,494046,2390592,1215156,278,208,351.0,92.0
200,756,150,0,957808,2380908,1216124,238,84,399.0,107.0
200,756,150,1,957808,2379968,1231368,238,88,399.0,107.0
200,756,150,2,957808,2379320,1216400,238,84,399.0,107.0
200,756,150,3,957808,2374772,1216776,238,84,399.0,107.0
200,756,180,0,795639,2405032,1216120,267,137,399.0,107.0
200,756,180,1,795639,2377676,1223680,265,139,399.0,107.0
200,756,180,2,795639,2378332,1223096,265,139,399.0,107.0
200,756,180,3,795639,2371648,1224776,265,139,399.0,107.0
200,756,210,0,683526,2378824,1216276,284,174,399.0,107.0
200,756,210,1,683526,2379244,1229012,284,177,399.0,107.0
200,756,210,2,683526,2372236,1216532,284,174,399.0,107.0
200,756,210,3,683526,2371660,1222780,284,175,399.0,107.0
200,756,240,0,596729,2371628,1216512,298,203,399.0,107.0
200,756,240,1,596729,2375036,1216112,298,203,399.0,107.0
200,756,240,2,596729,2380388,1216524,298,203,399.0,107.0
200,756,240,3,596729,2380328,1224408,298,204,399.0,107.0
200,756,270,0,531363,2385828,1224972,310,225,399.0,107.0
200,756,270,1,531363,2371664,1231088,309,226,399.0,107.0
200,756,270,2,531363,2379596,1216076,309,224,399.0,107.0
200,756,270,3,531363,2379200,1216628,309,224,399.0,107.0
200,756,300,0,477383,2385712,1216396,319,242,399.0,107.0
200,756,300,1,477383,2380024,1230932,318,244,399.0,107.0
200,756,300,2,477383,2386264,1230884,319,244,399.0,107.0
200,756,300,3,477383,2388776,1219732,319,242,399.0,107.0
200,756,330,0,434612,2386940,1216160,326,256,399.0,107.0
200,756,330,1,434612,2379120,1216512,326,256,399.0,107.0
200,756,330,2,434612,2379148,1229076,326,257,399.0,107.0
200,756,330,3,434612,2378288,1223132,326,257,399.0,107.0
300,322,150,0,2710394,2362328,1212432,-20,-174,141.0,45.0
300,322,150,1,2710394,2356700,1208540,-21,-175,141.0,45.0
300,322,150,2,2710394,2361000,1205636,-20,-175,141.0,45.0
300,322,150,3,2710394,2365800,1206980,-20,-175,141.0,45.0
300,322,180,0,2251491,2363200,1208920,6,-121,141.0,45.0
300,322,180,1,2251491,2358740,1206500,6,-122,141.0,45.0
300,322,180,2,2251491,2362636,1207292,6,-121,141.0,45.0
300,322,180,3,2251491,2365996,1203196,6,-122,141.0,45.0
300,322,210,0,1934235,2365840,1201000,25,-86,141.0,45.0
300,322,210,1,1934235,2371232,1208456,25,-84,141.0,45.0
300,322,210,2,1934235,2363524,1201012,25,-86,141.0,45.0
300,322,210,3,1934235,2363908,1202260,25,-85,141.0,45.0
300,322,240,0,1688618,2377472,1201364,40,-57,141.0,45.0
300,322,240,1,1688618,2367996,1203248,40,-56,141.0,45.0
300,322,240,2,1688618,2364912,1200944,40,-57,141.0,45.0
300,322,240,3,1688618,2363384,1208000,40,-56,141.0,45.0
300,322,270,0,1503646,2365004,1209228,51,-34,141.0,45.0
300,322,270,1,1503646,2364296,1200992,51,-35,141.0,45.0
300,322,270,2,1503646,2363420,1215732,51,-33,141.0,45.0
300,322,270,3,1503646,2364424,1201088,51,-35,141.0,45.0
300,322,300,0,1350894,2364908,1211984,60,-16,141.0,45.0
300,322,300,1,1350894,2363356,1207864,60,-16,141.0,45.0
300,322,300,2,1350894,2364100,1208456,60,-16,141.0,45.0
300,322,300,3,1350894,2364320,1201132,60,-17,141.0,45.0
300,322,330,0,1229861,2364448,1208400,67,-2,141.0,45.0
300,322,330,1,1229861,2367756,1202492,67,-3,141.0,45.0
300,322,330,2,1229861,2366388,1207652,67,-2,141.0,45.0
300,322,330,3,1229861,2360912,1201464,67,-3,141.0,45.0
300,434,150,0,1745048,2364852,1204916,57,-98,219.0,61.0
300,434,150,1,1745048,2366096,1211768,57,-96,219.0,61.0
300,434,150,2,1745048,2376120,1204928,58,-98,219.0,61.0
300,434,150,3,1745048,2367788,1213008,57,-96,219.0,61.0
300,434,180,0,1449590,2360392,1212152,84,-42,219.0,61.0
300,434,180,1,1449590,2362336,1204888,84,-44,219.0,61.0
300,434,180,2,1449590,2362012,1204840,84,-44,219.0,61.0
300,434,180,3,1449590,2367668,1205656,84,-44,219.0,61.0
300,434,210,0,1245330,2360452,1212644,103,-5,219.0,61.0
300,434,210,1,1245330,2368804,1204924,103,-7,219.0,61.0
300,434,210,2,1245330,2365252,1208836,103,-6,219.0,61.0
300,434,210,3,1245330,2382860,1205468,104,-7,219.0,61.0
300,434,240,0,1087192,2368152,1204868,118,21,219.0,61.0
300,434,240,1,1087192,2365968,1206164,118,21,219.0,61.0
300,434,240,2,1087192,2365272,1204940,118,21,219.0,61.0
300,434,240,3,1087192,2363228,1211568,118,22,219.0,61.0
300,434,270,0,968101,2362508,1204732,129,43,219.0,61.0
300,434,270,1,968101,2363220,1204704,129,43,219.0,61.0
300,434,270,2,968101,2367540,1212248,129,44,219.0,61.0
300,434,270,3,968101,2367612,1216736,129,44,219.0,61.0
300,434,300,0,869754,2360488,1204960,138,60,219.0,61.0
300,434,300,1,869754,2363080,1207640,138,61,219.0,61.0
300,434,300,2,869754,2368700,1205032,138,60,219.0,61.0
300,434,300,3,869754,2364428,1212400,138,61,219.0,61.0
300,434,330,0,791828,2368472,1211988,145,75,219.0,61.0
300,434,330,1,791828,2364216,1211600,145,75,219.0,61.0
300,434,330,2,791828,2367528,1205388,145,75,219.0,61.0
300,434,330,3,791828,2363476,1204892,145,75,219.0,61.0
300,539,150,0,1384657,2370900,1210576,114,-39,276.0,76.0
300,539,150,1,1384657,2378548,1212428,115,-39,276.0,76.0
300,539,150,2,1384657,2386728,1214688,115,-38,276.0,76.0
300,539,150,3,1384657,2378756,1216312,115,-38,276.0,76.0
300,539,180,0,1150218,2386636,1208596,142,13,276.0,76.0
300,539,180,1,1150218,2368940,1214504,141,14,276.0,76.0
300,539,180,2,1150218,2386636,1213576,142,14,276.0,76.0
300,539,180,3,1150218,2371844,1214684,142,14,276.0,76.0
300,539,210,0,988142,2370904,1208524,160,50,276.0,76.0
300,539,210,1,988142,2379200,1208908,161,50,276.0,76.0
300,539,210,2,988142,2370868,1223180,160,53,276.0,76.0
300,539,210,3,988142,2372992,1215020,161,51,276.0,76.0
300,539,240,0,862663,2370836,1208540,175,78,276.0,76.0
300,539,240,1,862663,2378108,1208588,175,78,276.0,76.0
300,539,240,2,862663,2372316,1208624,175,79,276.0,76.0
300,539,240,3,862663,2370080,1215380,175,80,276.0,76.0
300,539,270,0,768167,2370908,1208576,186,100,276.0,76.0
300,539,270,1,768167,2364152,1211480,186,100,276.0,76.0
300,539,270,2,768167,2370896,1208928,186,100,276.0,76.0
300,539,270,3,768167,2378084,1214552,186,101,276.0,76.0
300,539,300,0,690131,2371808,1208560,195,118,276.0,76.0
300,539,300,1,690131,2364568,1208740,195,118,276.0,76.0
300,539,300,2,690131,2370856,1221080,195,120,276.0,76.0
300,539,300,3,690131,2379220,1216196,195,119,276.0,76.0
300,539,330,0,628298,2413672,1208540,204,132,276.0,76.0
300,539,330,1,628298,2364884,1208864,202,132,276.0,76.0
300,539,330,2,628298,2370860,1215212,202,133,276.0,76.0
300,539,330,3,628298,2370788,1215908,202,133,276.0,76.0
300,651,150,0,1151101,2395232,1212512,172,16,332.0,92.0
300,651,150,1,1151101,2390940,1221344,172,19,332.0,92.0
300,651,150,2,1151101,2381996,1219352,171,18,332.0,92.0
300,651,150,3,1151101,2389836,1212656,172,16,332.0,92.0
300,651,180,0,956205,2382728,1212484,198,70,332.0,92.0
300,651,180,1,956205,2389388,1221160,199,72,332.0,92.0
300,651,180,2,956205,2389384,1219904,199,71,332.0,92.0
300,651,180,3,956205,2382676,1212872,198,70,332.0,92.0
300,651,210,0,821467,2383472,1218076,217,108,332.0,92.0
300,651,210,1,821467,2382220,1212772,217,107,332.0,92.0
300,651,210,2,821467,2382788,1212472,217,107,332.0,92.0
300,651,210,3,821467,2368408,1220696,216,108,332.0,92.0
300,651,240,0,717154,2387940,1226424,232,137,332.0,92.0
300,651,240,1,717154,2377172,1220000,231,136,332.0,92.0
300,651,240,2,717154,2383380,1219160,232,136,332.0,92.0
300,651,240,3,717154,2375504,1219340,231,136,332.0,92.0
300,651,270,0,638596,2374868,1219124,242,158,332.0,92.0
300,651,270,1,638596,2368772,1212864,242,157,332.0,92.0
300,651,270,2,638596,2382392,1212752,243,157,332.0,92.0
300,651,270,3,638596,2368040,1219604,242,158,332.0,92.0
300,651,300,0,573723,2375320,1219180,251,175,332.0,92.0
300,651,300,1,573723,2389244,1212920,252,174,332.0,92.0
300,651,300,2,573723,2383624,1218248,252,175,332.0,92.0
300,651,300,3,573723,2367928,1219816,251,175,332.0,92.0
300,651,330,0,522320,2374676,1221360,258,190,332.0,92.0
300,651,330,1,522320,2368052,1213680,258,189,332.0,92.0
300,651,330,2,522320,2383260,1212584,259,188,332.0,92.0
300,651,330,3,522320,2367932,1212452,258,188,332.0,92.0
300,756,150,0,997821,2371644,1223368,221,70,383.0,107.0
300,756,150,0,997821,2385876,1225452,222,71,383.0,107.0
300,756,150,0,997821,2422244,1229256,225,72,383.0,107.0
300,756,150,1,997821,2379196,1216308,222,68,383.0,107.0
300,756,150,1,997821,2379452,1216196,222,68,383.0,107.0
300,756,150,1,997821,2379968,1223564,222,70,383.0,107.0
300,756,150,2,997821,2371692,1223224,221,70,383.0,107.0
300,756,150,2,997821,2372016,1219928,221,69,383.0,107.0
300,756,150,2,997821,2379332,1223456,222,70,383.0,107.0
300,756,150,3,997821,2378292,1232008,222,72,383.0,107.0
300,756,150,3,997821,2372316,1216776,221,68,383.0,107.0
300,756,150,3,997821,2378892,1220228,222,69,383.0,107.0
300,756,180,0,828878,2378420,1223648,249,123,383.0,107.0
300,756,180,1,828878,2384504,1216148,249,121,383.0,107.0
300,756,180,2,828878,2379244,1225052,249,123,383.0,107.0
300,756,180,3,828878,2490700,1216096,255,121,383.0,107.0
300,756,210,0,712081,2371732,1224268,268,160,383.0,107.0
300,756,210,1,712081,2371672,1216312,268,158,383.0,107.0
300,756,210,2,712081,2385928,1231940,268,161,383.0,107.0
300,756,210,3,712081,2378668,1217944,268,159,383.0,107.0
300,756,240,0,621658,2379380,1224492,282,188,383.0,107.0
300,756,240,1,621658,2376872,1216196,282,187,383.0,107.0
300,756,240,2,621658,2386872,1216668,283,187,383.0,107.0
300,756,240,3,621658,2378324,1223808,282,188,383.0,107.0
300,756,270,0,553561,2379188,1223528,293,209,383.0,107.0
300,756,270,1,553561,2372396,1216232,293,208,383.0,107.0
300,756,270,2,553561,2386184,1224672,294,209,383.0,107.0
300,756,270,3,553561,2378576,1231464,293,210,383.0,107.0
300,756,300,0,497326,2371696,1216192,302,226,383.0,107.0
300,756,300,1,497326,2378404,1223044,302,227,383.0,107.0
300,756,300,2,497326,2371564,1223128,302,227,383.0,107.0
300,756,300,3,497326,2380100,1222984,302,227,383.0,107.0
300,756,330,0,452768,2372856,1216364,309,240,383.0,107.0
300,756,330,1,452768,2376824,1222856,310,241,383.0,107.0
300,756,330,2,452768,2378700,1216340,310,240,383.0,107.0
300,756,330,3,452768,2380308,1216136,310,240,383.0,107.0
400,434,150,0,2434175,2377292,1206056,-3,-159,157.0,61.0
400,434,150,1,2434175,2360828,1211196,-4,-158,157.0,61.0
400,434,150,2,2434175,2370288,1204880,-4,-160,157.0,61.0
400,434,150,3,2434175,2423472,1215656,0,-157,157.0,61.0
400,434,180,0,2022040,2363284,1205308,22,-106,157.0,61.0
400,434,180,1,2022040,2362264,1205416,22,-106,157.0,61.0
400,434,180,2,2022040,2376028,1204984,23,-106,157.0,61.0
400,434,180,3,2022040,2361832,1205188,22,-106,157.0,61.0
400,434,210,0,1737116,2360452,1204900,41,-69,157.0,61.0
400,434,210,1,1737116,2363096,1204900,41,-69,157.0,61.0
400,434,210,2,1737116,2367812,1211620,41,-68,157.0,61.0
400,434,210,3,1737116,2362976,1211728,41,-68,157.0,61.0
400,434,240,0,1516530,2363952,1212208,56,-39,157.0,61.0
400,434,240,1,1516530,2360444,1208100,56,-40,157.0,61.0
400,434,240,2,1516530,2367504,1204856,56,-40,157.0,61.0
400,434,240,3,1516530,2369732,1212728,56,-39,157.0,61.0
400,434,270,0,1350408,2376144,1216860,67,-17,157.0,61.0
400,434,270,1,1350408,2367540,1209564,67,-18,157.0,61.0
400,434,270,2,1350408,2366360,1204868,67,-18,157.0,61.0
400,434,270,3,1350408,2363184,1212708,67,-17,157.0,61.0
400,434,300,0,1213224,2360380,1215532,76,0,157.0,61.0
400,434,300,1,1213224,2366684,1204960,76,-1,157.0,61.0
400,434,300,2,1213224,2374720,1205116,76,-1,157.0,61.0
400,434,300,3,1213224,2362552,1212200,76,0,157.0,61.0
400,434,330,0,1104524,2364176,1204964,83,13,157.0,61.0
400,434,330,1,1104524,2367092,1204916,83,13,157.0,61.0
400,434,330,2,1104524,2374700,1205108,83,13,157.0,61.0
400,434,330,3,1104524,2360504,1212380,83,13,157.0,61.0
400,539,150,0,1619345,2370896,1214264,74,-78,236.0,76.0
400,539,150,1,1619345,2369924,1216284,74,-78,236.0,76.0
400,539,150,2,1619345,2387288,1208528,75,-80,236.0,76.0
400,539,150,3,1619345,2368664,1209044,74,-80,236.0,76.0
400,539,180,0,1345170,2370856,1215400,102,-25,236.0,76.0
400,539,180,1,1345170,2378756,1216328,102,-24,236.0,76.0
400,539,180,2,1345170,2386576,1208944,102,-26,236.0,76.0
400,539,180,3,1345170,2372260,1216412,102,-24,236.0,76.0
400,539,210,0,1155624,2386744,1215412,121,11,236.0,76.0
400,539,210,1,1155624,2368160,1208596,120,10,236.0,76.0
400,539,210,2,1155624,2386744,1223324,121,13,236.0,76.0
400,539,210,3,1155624,2376484,1215844,121,11,236.0,76.0
400,539,240,0,1008878,2371856,1208552,135,38,236.0,76.0
400,539,240,1,1008878,2371176,1215980,135,40,236.0,76.0
400,539,240,2,1008878,2366940,1208636,135,39,236.0,76.0
400,539,240,3,1008878,2379536,1208624,135,39,236.0,76.0
400,539,270,0,898364,2364116,1208576,146,60,236.0,76.0
400,539,270,1,898364,2370704,1215648,146,61,236.0,76.0
400,539,270,2,898364,2370812,1219944,146,62,236.0,76.0
400,539,270,3,898364,2371212,1214480,146,61,236.0,76.0
400,539,300,0,807102,2378512,1208500,155,78,236.0,76.0
400,539,300,1,807102,2366872,1216036,155,79,236.0,76.0
400,539,300,2,807102,2370796,1208488,155,78,236.0,76.0
400,539,300,3,807102,2372068,1215188,155,79,236.0,76.0
400,539,330,0,734789,2366600,1208492,162,92,236.0,76.0
400,539,330,1,734789,2371592,1215384,162,93,236.0,76.0
400,539,330,2,734789,2365976,1217004,162,93,236.0,76.0
400,539,330,3,734789,2369264,1215552,162,93,236.0,76.0
400,651,150,0,1269653,2382636,1212456,140,-14,301.0,92.0
400,651,150,1,1269653,2375220,1217116,140,-12,301.0,92.0
400,651,150,2,1269653,2383080,1217140,140,-12,301.0,92.0
400,651,150,3,1269653,2368848,1212468,139,-14,301.0,92.0
400,651,180,0,1054685,2375084,1225356,167,41,301.0,92.0
400,651,180,1,1054685,2389536,1212572,168,39,301.0,92.0
400,651,180,2,1054685,2382156,1219932,167,40,301.0,92.0
400,651,180,3,1054685,2382728,1213112,167,39,301.0,92.0
400,651,210,0,906070,2390096,1212440,186,76,301.0,92.0
400,651,210,1,906070,2375984,1221384,186,77,301.0,92.0
400,651,210,2,906070,2383256,1218476,186,77,301.0,92.0
400,651,210,3,906070,2391260,1220544,186,77,301.0,92.0
400,651,240,0,791014,2374568,1219752,200,105,301.0,92.0
400,651,240,1,791014,2367968,1214064,200,104,301.0,92.0
400,651,240,2,791014,2383296,1219928,201,105,301.0,92.0
400,651,240,3,791014,2376716,1220544,200,105,301.0,92.0
400,651,270,0,704365,2382644,1219716,212,127,301.0,92.0
400,651,270,1,704365,2368784,1213008,211,126,301.0,92.0
400,651,270,2,704365,2382992,1212428,212,126,301.0,92.0
400,651,270,3,704365,2367956,1219112,211,127,301.0,92.0
400,651,300,0,632811,2383636,1216888,221,144,301.0,92.0
400,651,300,1,632811,2382940,1213436,221,144,301.0,92.0
400,651,300,2,632811,2384452,1223828,221,145,301.0,92.0
400,651,300,3,632811,2375212,1219120,220,144,301.0,92.0
400,651,330,0,576114,2383248,1212464,228,157,301.0,92.0
400,651,330,1,576114,2390676,1219988,228,158,301.0,92.0
400,651,330,2,576114,2374676,1212864,227,158,301.0,92.0
400,651,330,3,576114,2367920,1212816,227,158,301.0,92.0
400,756,150,0,1073498,2384112,1223236,195,43,356.0,107.0
400,756,150,1,1073498,2422480,1231056,198,45,356.0,107.0
400,756,150,2,1073498,2376312,1216528,195,41,356.0,107.0
400,756,150,3,1073498,2378908,1223484,195,43,356.0,107.0
400,756,180,0,891742,2406888,1231992,224,98,356.0,107.0
400,756,180,0,891742,2406888,1231992,224,98,356.0,107.0
400,756,180,1,891742,2385840,1224540,222,96,356.0,107.0
400,756,180,1,891742,2385840,1224540,222,96,356.0,107.0
400,756,180,2,891742,2385524,1224596,222,96,356.0,107.0
400,756,180,2,891742,2385524,1224596,222,96,356.0,107.0
400,756,180,3,891742,2379776,1223156,222,96,356.0,107.0
400,756,180,3,891742,2379776,1223156,222,96,356.0,107.0
400,756,210,0,766087,2381040,1223916,241,133,356.0,107.0
400,756,210,0,766087,2381040,1223916,241,133,356.0,107.0
400,756,210,1,766087,2374112,1216184,241,131,356.0,107.0
400,756,210,1,766087,2374112,1216184,241,131,356.0,107.0
400,756,210,2,766087,2379108,1223364,241,133,356.0,107.0
400,756,210,2,766087,2379108,1223364,241,133,356.0,107.0
400,756,210,3,766087,2378300,1226700,241,133,356.0,107.0
400,756,210,3,766087,2378300,1226700,241,133,356.0,107.0
400,756,240,0,668806,2371616,1229460,255,162,356.0,107.0
400,756,240,0,668806,2371616,1229460,255,162,356.0,107.0
400,756,240,1,668806,2385804,1228608,256,162,356.0,107.0
400,756,240,1,668806,2385804,1228608,256,162,356.0,107.0
400,756,240,2,668806,2371820,1223144,255,161,356.0,107.0
400,756,240,2,668806,2371820,1223144,255,161,356.0,107.0
400,756,240,3,668806,2387144,1224396,256,161,356.0,107.0
400,756,240,3,668806,2387144,1224396,256,161,356.0,107.0
400,756,270,0,595545,2372000,1216052,266,181,356.0,107.0
400,756,270,0,595545,2372000,1216052,266,181,356.0,107.0
400,756,270,1,595545,2378336,1225320,266,182,356.0,107.0
400,756,270,1,595545,2378336,1225320,266,182,356.0,107.0
400,756,270,2,595545,2386272,1229292,267,183,356.0,107.0
400,756,270,2,595545,2386272,1229292,267,183,356.0,107.0
400,756,270,3,595545,2381372,1231476,266,183,356.0,107.0
400,756,270,3,595545,2381372,1231476,266,183,356.0,107.0
400,756,300,0,535045,2379772,1227656,275,200,356.0,107.0
400,756,300,0,535045,2379772,1227656,275,200,356.0,107.0
400,756,300,1,535045,2371696,1231108,275,201,356.0,107.0
400,756,300,1,535045,2371696,1231108,275,201,356.0,107.0
400,756,300,2,535045,2378392,1216336,275,199,356.0,107.0
400,756,300,2,535045,2378392,1216336,275,199,356.0,107.0
400,756,300,3,535045,2374828,1231036,275,201,356.0,107.0
400,756,300,3,535045,2374828,1231036,275,201,356.0,107.0
400,756,330,0,487107,2372052,1216124,282,213,356.0,107.0
400,756,330,0,487107,2372052,1216124,282,213,356.0,107.0
400,756,330,1,487107,2381768,1216812,283,213,356.0,107.0
400,756,330,1,487107,2381768,1216812,283,213,356.0,107.0
400,756,330,2,487107,2386964,1223736,283,214,356.0,107.0
400,756,330,2,487107,2386964,1223736,283,214,356.0,107.0
400,756,330,3,487107,2377304,1216616,283,213,356.0,107.0
400,756,330,3,487107,2377304,1216616,283,213,356.0,107.0
500,539,150,0,2221893,2370912,1208592,10,-144,172.0,76.0
500,539,150,1,2221893,2364520,1218516,10,-141,172.0,76.0
500,539,150,2,2221893,2386740,1215216,11,-142,172.0,76.0
500,539,150,3,2221893,2368408,1216636,10,-142,172.0,76.0
500,539,180,0,1845699,2386516,1212688,38,-89,172.0,76.0
500,539,180,1,1845699,2367608,1216520,37,-88,172.0,76.0
500,539,180,2,1845699,2370856,1209596,38,-90,172.0,76.0
500,539,180,3,1845699,2372140,1215664,38,-89,172.0,76.0
500,539,210,0,1585623,2386744,1208644,57,-53,172.0,76.0
500,539,210,1,1585623,2366632,1214080,56,-52,172.0,76.0
500,539,210,2,1585623,2386744,1208488,57,-53,172.0,76.0
500,539,210,3,1585623,2368652,1215460,56,-52,172.0,76.0
500,539,240,0,1384274,2376912,1215224,71,-23,172.0,76.0
500,539,240,1,1384274,2380604,1213428,71,-24,172.0,76.0
500,539,240,2,1384274,2364116,1214984,71,-23,172.0,76.0
500,539,240,3,1384274,2378592,1215776,71,-23,172.0,76.0
500,539,270,0,1232640,2385104,1219428,83,-1,172.0,76.0
500,539,270,1,1232640,2378904,1214892,82,-2,172.0,76.0
500,539,270,2,1232640,2378744,1208516,82,-3,172.0,76.0
500,539,270,3,1232640,2368964,1215680,82,-2,172.0,76.0
500,539,300,0,1107419,2391208,1208560,92,14,172.0,76.0
500,539,300,1,1107419,2378744,1215236,91,15,172.0,76.0
500,539,300,2,1107419,2363972,1208560,91,14,172.0,76.0
500,539,300,3,1107419,2371988,1214752,91,15,172.0,76.0
500,539,330,0,1008200,2365164,1208552,98,28,172.0,76.0
500,539,330,1,1008200,2365368,1215468,98,29,172.0,76.0
500,539,330,2,1008200,2370788,1216812,98,29,172.0,76.0
500,539,330,3,1008200,2378984,1215956,99,29,172.0,76.0
500,651,150,0,1469867,2417152,1219812,101,-53,260.0,92.0
500,651,150,1,1469867,2367936,1218224,98,-53,260.0,92.0
500,651,150,2,1469867,2374440,1223956,99,-52,260.0,92.0
500,651,150,3,1469867,2375940,1221676,99,-52,260.0,92.0
500,651,180,0,1221001,2375204,1212448,126,-1,260.0,92.0
500,651,180,1,1221001,2367916,1212748,125,-1,260.0,92.0
500,651,180,2,1221001,2389408,1219120,127,0,260.0,92.0
500,651,180,3,1221001,2382436,1220708,126,0,260.0,92.0
500,651,210,0,1048951,2375284,1212836,145,35,260.0,92.0
500,651,210,1,1048951,2389996,1213292,145,35,260.0,92.0
500,651,210,2,1048951,2375284,1212556,145,35,260.0,92.0
500,651,210,3,1048951,2390120,1213064,145,35,260.0,92.0
500,651,240,0,915750,2383704,1219148,160,64,260.0,92.0
500,651,240,1,915750,2375996,1212876,159,63,260.0,92.0
500,651,240,2,915750,2384112,1224708,160,65,260.0,92.0
500,651,240,3,915750,2390736,1212488,160,63,260.0,92.0
500,651,270,0,815438,2382624,1218656,171,86,260.0,92.0
500,651,270,1,815438,2367932,1219172,170,86,260.0,92.0
500,651,270,2,815438,2367908,1212836,170,85,260.0,92.0
500,651,270,3,815438,2374964,1219532,170,86,260.0,92.0
500,651,300,0,732600,2375120,1224272,179,104,260.0,92.0
500,651,300,1,732600,2390528,1213052,180,102,260.0,92.0
500,651,300,2,732600,2375260,1212800,179,102,260.0,92.0
500,651,300,3,732600,2390456,1212472,180,102,260.0,92.0
500,651,330,0,666963,2383260,1212476,187,116,260.0,92.0
500,651,330,1,666963,2367932,1212512,186,116,260.0,92.0
500,651,330,2,666963,2374940,1219668,186,117,260.0,92.0
500,651,330,3,666963,2375948,1212416,187,116,260.0,92.0
500,756,150,0,1175894,2379384,1219860,164,11,325.0,107.0
500,756,150,1,1175894,2379520,1226524,164,13,325.0,107.0
500,756,150,2,1175894,2386152,1225384,164,13,325.0,107.0
500,756,150,3,1175894,2380924,1216596,164,10,325.0,107.0
500,756,180,0,976800,2379336,1231236,191,67,325.0,107.0
500,756,180,1,976800,2378840,1216268,191,63,325.0,107.0
500,756,180,2,976800,2379248,1223828,191,65,325.0,107.0
500,756,180,3,976800,2378732,1225704,191,65,325.0,107.0
500,756,210,0,839160,2379236,1225540,210,102,325.0,107.0
500,756,210,1,839160,2379728,1225740,210,102,325.0,107.0
500,756,210,2,839160,2386340,1216160,210,100,325.0,107.0
500,756,210,3,839160,2378672,1216088,210,100,325.0,107.0
500,756,240,0,732600,2378308,1216272,224,129,325.0,107.0
500,756,240,1,732600,2378308,1224280,224,130,325.0,107.0
500,756,240,2,732600,2380392,1216188,224,129,325.0,107.0
500,756,240,3,732600,2377368,1222980,224,130,325.0,107.0
500,756,270,0,652351,2386176,1216632,236,150,325.0,107.0
500,756,270,1,652351,2374008,1220256,235,151,325.0,107.0
500,756,270,2,652351,2386248,1231384,236,152,325.0,107.0
500,756,270,3,652351,2378628,1216608,235,150,325.0,107.0
500,756,300,0,586080,2372268,1223468,244,169,325.0,107.0
500,756,300,1,586080,2378184,1230852,244,170,325.0,107.0
500,756,300,2,586080,2379392,1216124,244,168,325.0,107.0
500,756,300,3,586080,2386880,1216100,245,168,325.0,107.0
500,756,330,0,533570,2386984,1222788,252,183,325.0,107.0
500,756,330,1,533570,2381284,1216900,252,182,325.0,107.0
500,756,330,2,533570,2371716,1223448,251,183,325.0,107.0
500,756,330,3,533570,2378260,1226524,252,183,325.0,107.0
